{"mu": {"0": [[-0.4804644837314208, 1.2204770421199727], [0.7360701898339922, 0.7242845614019914], [0.7840907619764338, 0.6364696508451687]], "1": [[0.734545471355592, 0.38307936835124523], [0.7634333458262508, 0.7247014481610087], [-0.48102895977178456, 1.2209360315919802]], "2": [[0.7589603463932411, 0.6797694399017237], [-0.6394637166412946, 1.4746035002427056], [-0.3259205996544614, 0.971335918925847]], "3": [[0.8094747560473985, 0.6047908316826115], [-0.48048922947131856, 1.2205071578887419], [0.733998701126716, 0.7200192713524664]], "4": [[-0.6394637166412946, 1.4746035002427056], [-0.32592059965446146, 0.9713359189258469], [0.7589603463932411, 0.6797694399017237]]}, "cov": {"0": [[0.06143810549471746, -0.024997782759187476, -0.024997782759187476, 0.0814997459336095], [0.026192707682993147, 0.005659091826380917, 0.005659091826380917, 0.028755915958709452], [0.025797239897600435, -0.02013124112276019, -0.02013124112276019, 0.04815116589858578]], "1": [[0.051311866997113806, -0.026374479682924105, -0.026374479682924105, 0.01883228877489362], [0.023110754433358017, -0.006975507686132007, -0.006975507686132007, 0.028368335922627604], [0.061064654659152534, -0.024677604606581315, -0.024677604606581315, 0.0812828657629086]], "2": [[0.02717033282664082, -0.0084004126553712, -0.0084004126553712, 0.040441962978892076], [0.035968049493834434, 0.01549272043946406, 0.01549272043946406, 0.01935184304729686], [0.036049434543354936, 0.014638833823181647, 0.014638833823181647, 0.01629148685149031]], "3": [[0.024381886843710204, -0.021699897797951603, -0.021699897797951603, 0.04981001562952896], [0.061423222870954274, -0.024976574437304097, -0.024976574437304097, 0.08148258768051732], [0.025780832971374342, 0.0016988508638068384, 0.0016988508638068384, 0.030868867904569358]], "4": [[0.035968049493834434, 0.01549272043946406, 0.01549272043946406, 0.01935184304729686], [0.036049434543354936, 0.01463883382318166, 0.01463883382318166, 0.016291486851490324], [0.02717033282664082, -0.0084004126553712, -0.0084004126553712, 0.040441962978892076]]}}